schema_name,table_name,rls_enabled,rls_forced,has_company_id,has_organisation_id,policy_count,select_policies,insert_policies,update_policies,delete_policies,uses_company_helper
cost_control,audit_events,t,t,f,t,1,1,1,1,1,f
cost_control,bank_accounts,t,t,f,t,1,1,1,1,1,f
cost_control,bank_connections,t,t,f,t,1,1,1,1,1,f
cost_control,bank_cost_matches,t,t,f,t,1,1,1,1,1,f
cost_control,bank_transactions,t,t,f,t,1,1,1,1,1,f
cost_control,budget_lines,t,t,f,t,1,1,1,1,1,f
cost_control,budget_versions,t,t,f,t,1,1,1,1,1,f
cost_control,budgets,t,t,f,t,1,1,1,1,1,f
cost_control,cost_allocations,t,t,f,t,1,1,1,1,1,f
cost_control,cost_centres,t,t,f,t,1,1,1,1,1,f
cost_control,cost_evidence,t,t,f,t,1,1,1,1,1,f
cost_control,cost_records,t,t,f,t,1,1,1,1,1,f
cost_control,cost_versions,t,t,f,t,1,1,1,1,1,f
cost_control,driver_days,t,t,f,t,1,1,1,1,1,f
cost_control,effective_pay_rates,t,t,f,t,1,1,1,1,1,f
cost_control,employee_cost_references,t,t,f,t,1,1,1,1,1,f
cost_control,financial_snapshots,t,t,f,t,1,1,1,1,1,f
cost_control,import_runs,t,t,f,t,1,1,1,1,1,f
cost_control,integration_exceptions,t,t,f,t,1,1,1,1,1,f
cost_control,integration_export_attempts,t,t,f,t,1,1,1,1,1,f
cost_control,integration_exports,t,t,f,t,1,1,1,1,1,f
cost_control,organisation_memberships,t,t,f,t,1,1,1,1,1,f
cost_control,organisations,t,t,f,f,1,1,1,1,1,f
cost_control,outbox_events,t,t,f,t,1,1,1,1,1,f
cost_control,pay_periods,t,t,f,t,1,1,1,1,1,f
cost_control,payroll_summary_imports,t,t,f,t,1,1,1,1,1,f
cost_control,quarantine_items,t,t,f,t,1,1,1,1,1,f
cost_control,review_items,t,t,f,t,1,1,1,1,1,f
cost_control,sage_code_mappings,t,t,f,t,1,1,1,1,1,f
cost_control,sage_connections,t,t,f,t,1,1,1,1,1,f
cost_control,sage_posting_results,t,t,f,t,1,1,1,1,1,f
cost_control,suppliers,t,t,f,t,1,1,1,1,1,f
cost_control,vehicles_ref,t,t,f,t,1,1,1,1,1,f
cost_control,wage_cost_batches,t,t,f,t,1,1,1,1,1,f
public,adblue_records,t,t,t,f,2,1,1,0,0,t
public,attendance_day_overrides,t,t,t,f,3,1,1,1,0,t
public,attendance_leave_audit,t,t,t,f,3,1,1,1,0,t
public,attendance_leave_requests,t,t,t,f,3,1,1,1,0,t
public,attendance_notes,t,t,t,f,3,1,1,1,0,t
public,attendance_return_to_work,t,t,t,f,3,1,1,1,0,t
public,audit_events,t,t,t,f,3,2,1,0,0,t
public,bay_reservations,t,t,t,f,1,1,0,0,0,t
public,body_condition_audit_events,t,t,t,f,3,2,1,0,0,t
public,body_inspection_media,t,t,t,f,3,1,1,1,0,t
public,body_inspections,t,t,t,f,3,1,1,1,0,t
public,booking_legs,t,t,t,f,3,1,1,1,0,t
public,bookings,t,t,t,f,3,1,1,1,0,t
public,command_page_snapshots,t,t,t,f,3,1,1,1,0,t
public,companies,t,t,f,f,3,2,0,1,0,t
public,company_compliance_settings,t,t,t,f,3,1,1,1,0,t
public,company_contract_acceptances,t,t,t,f,1,1,0,0,0,t
public,company_entitlement_overrides,t,t,t,f,1,1,0,0,0,t
public,company_holiday_defaults,t,t,t,f,3,1,1,1,0,t
public,company_memberships,t,t,t,f,4,2,1,1,0,t
public,company_security_policies,t,t,t,f,1,1,0,0,0,t
public,company_subscriptions,t,t,t,f,1,1,0,0,0,t
public,company_usage_limits,t,t,t,f,1,1,0,0,0,t
public,condition_acknowledgements,t,t,t,f,3,1,1,1,0,t
public,contracts,t,t,t,f,1,1,0,0,0,t
public,customer_contacts,t,t,t,f,1,1,0,0,0,t
public,customers,t,t,t,f,3,1,1,1,0,t
public,damage_observations,t,t,t,f,3,1,1,1,0,t
public,damage_responsibility_reviews,t,t,t,f,1,1,0,0,0,t
public,data_export_jobs,t,t,t,f,1,1,0,0,0,t
public,data_retention_policies,t,t,t,f,1,1,0,0,0,t
public,defects,t,t,t,f,3,1,1,1,0,t
public,depot_access,t,t,f,f,4,2,1,1,0,t
public,depot_stock_items,t,t,t,f,3,1,1,1,0,t
public,depot_stock_movements,t,t,t,f,2,1,1,0,0,t
public,depot_zones,t,t,t,f,1,1,0,0,0,t
public,depots,t,t,t,f,3,1,1,1,0,t
public,device_sync_cursors,t,t,t,f,1,1,1,1,1,t
public,dispatch_assignment_requests,t,t,t,f,1,1,0,0,0,t
public,dispatch_overrides,t,t,t,f,1,1,0,0,0,t
public,document_versions,t,t,t,f,1,1,0,0,0,t
public,domain_events,t,t,t,f,2,1,1,0,0,t
public,driver_app_accounts,t,t,t,f,3,1,1,1,0,t
public,driver_app_devices,t,t,t,f,3,1,1,1,0,t
public,driver_capabilities,t,t,f,f,1,1,0,0,0,t
public,driver_devices,t,t,f,t,3,1,1,1,0,t
public,driver_documents,t,t,t,f,3,1,1,1,0,t
public,driver_eligibility_results,t,t,t,f,3,1,1,1,0,t
public,driver_holiday_profiles,t,t,t,f,3,1,1,1,0,t
public,driver_job_execution_events,t,t,t,f,2,1,1,0,0,t
public,driver_requirement_requests,t,t,t,f,3,1,1,1,0,t
public,driver_requirements,t,t,t,f,3,1,1,1,0,t
public,driver_restrictions,t,t,t,f,3,1,1,1,0,t
public,driver_training,t,t,t,f,3,1,1,1,0,t
public,drivers,t,t,t,f,3,1,1,1,0,t
public,duties,t,t,t,f,3,1,1,1,0,t
public,duty_acknowledgements,t,t,t,f,3,1,1,1,0,t
public,duty_assignment_events,t,t,t,f,2,1,1,0,0,t
public,duty_closeouts,t,t,t,f,2,1,1,0,0,t
public,duty_live_positions,t,t,t,f,3,1,1,1,0,t
public,duty_runs,t,t,f,f,2,1,1,0,0,t
public,email_verification_challenges,t,t,f,f,1,1,1,1,1,f
public,equipment_asset_events,t,t,t,f,2,1,1,0,0,t
public,equipment_assets,t,t,t,f,3,1,1,1,0,t
public,evidence_links,t,t,t,f,1,1,0,0,0,t
public,executive_annual_budgets,t,t,t,f,1,1,0,0,0,f
public,executive_board_meetings,t,t,t,f,1,1,0,0,0,f
public,executive_budget_mandates,t,t,t,f,1,1,0,0,0,f
public,executive_company_records,t,t,t,f,4,2,1,1,0,t
public,executive_conflicts,t,t,t,f,1,1,0,0,0,f
public,executive_continuity_drills,t,t,t,f,1,1,0,0,0,f
public,executive_decisions,t,t,t,f,1,1,0,0,0,f
public,executive_document_access_events,t,t,t,f,1,1,0,0,0,f
public,executive_document_files,t,t,t,f,1,1,0,0,0,f
public,executive_legal_holds,t,t,t,f,1,1,0,0,0,f
public,executive_policies,t,t,t,f,4,2,1,1,0,t
public,executive_retention_purge_jobs,t,t,t,f,1,1,0,0,0,f
public,executive_security_settings,t,t,t,f,1,1,0,0,0,f
public,executive_sensitive_action_approvals,t,t,t,f,1,1,0,0,0,f
public,executive_sensitive_action_requests,t,t,t,f,1,1,0,0,0,f
public,executive_sensitive_execution_outcomes,t,t,t,f,1,1,0,0,0,f
public,file_objects,t,t,t,f,4,2,1,1,0,t
public,fuel_card_events,t,t,t,f,2,1,1,0,0,t
public,fuel_cards,t,t,t,f,3,1,1,1,0,t
public,fuel_records,t,t,t,f,2,1,1,0,0,t
public,holiday_ledger_entries,t,t,t,f,3,1,1,1,0,t
public,holiday_pay_records,t,t,t,f,3,1,1,1,0,t
public,incidents,t,t,t,f,2,1,0,1,0,t
public,inspection_reviews,t,t,t,f,3,1,1,1,0,t
public,integration_api_keys,t,t,t,f,1,1,1,1,1,f
public,interest_reference_counters,t,t,t,f,1,1,1,1,1,t
public,interest_submissions,t,t,t,f,3,1,1,1,0,t
public,invitation_events,t,t,f,f,2,1,1,0,0,t
public,invitations,t,t,t,f,3,1,1,1,0,t
public,journey_sequence_acknowledgements,t,t,t,f,3,1,1,1,0,t
public,journey_stops,t,t,t,f,3,1,1,1,0,t
public,lifo_groups,t,t,t,f,1,1,0,0,0,t
public,maintenance_work_orders,t,t,t,f,1,1,0,0,0,t
public,membership_application_access,t,t,t,f,3,1,1,1,0,t
public,messages,t,t,t,f,3,1,1,1,0,t
public,mfa_login_challenges,t,t,f,f,1,1,0,0,0,f
public,mfa_recovery_codes,t,t,f,f,1,1,0,0,0,f
public,notification_preferences,t,t,f,f,1,1,1,1,1,f
public,notifications,t,t,t,f,2,1,1,0,0,t
public,operating_areas,t,t,t,f,1,1,0,0,0,t
public,operational_exception_events,t,t,t,f,2,1,1,0,0,t
public,operational_exceptions,t,t,t,f,3,1,1,1,0,t
public,outbox_commands,t,t,t,f,1,1,0,0,0,t
public,override_audit_events,t,t,t,f,2,1,1,0,0,t
public,parking_bays,t,t,t,f,3,1,1,1,0,t
public,passenger_addresses,t,t,t,f,1,1,0,0,0,t
public,passenger_contacts,t,t,t,f,1,1,0,0,0,t
public,passenger_needs,t,t,t,f,1,1,0,0,0,t
public,passengers,t,t,t,f,3,1,1,1,0,t
public,password_reset_challenges,t,t,f,f,1,1,0,0,0,f
public,pending_organisations,t,t,f,f,1,1,1,1,1,f
public,pending_users,t,t,f,f,1,1,1,1,1,f
public,permissions,t,t,f,f,1,1,0,0,0,f
public,places,t,t,t,f,3,1,1,1,0,t
public,plan_features,t,t,f,f,1,1,0,0,0,f
public,plan_usage_limits,t,t,f,f,1,1,0,0,0,f
public,platform_audit_logs,t,t,f,f,1,1,0,0,0,f
public,platform_feature_flags,t,t,f,f,1,1,0,0,0,f
public,platform_users,t,t,f,f,1,1,0,0,0,f
public,privileged_access_grants,t,t,t,f,1,1,0,0,0,t
public,processed_commands,t,t,t,f,1,1,0,0,0,t
public,purchase_requests,t,t,t,f,3,1,1,1,0,t
public,rate_cards,t,t,t,f,1,1,0,0,0,t
public,role_permissions,t,t,f,f,4,2,1,1,0,t
public,roles,t,t,t,f,3,1,1,1,0,t
public,run_trips,t,t,f,f,2,1,1,0,0,t
public,runs,t,t,t,f,3,1,1,1,0,t
public,schools,t,t,t,f,3,1,1,1,0,t
public,security_alerts,t,t,t,f,1,1,0,0,0,f
public,security_events,t,t,t,f,1,1,0,0,0,f
public,signup_risk_assessments,t,t,f,f,1,1,1,1,1,f
public,staff_members,t,t,t,f,3,1,1,1,0,t
public,stock_transfers,t,t,t,f,3,1,1,1,0,t
public,subscription_events,t,t,t,f,1,1,0,0,0,t
public,subscription_plans,t,t,f,f,1,1,0,0,0,f
public,support_access_sessions,t,t,t,f,1,1,0,0,0,t
public,sync_conflicts,t,t,t,f,1,1,0,0,0,t
public,trip_assignments,t,t,t,f,3,1,1,1,0,t
public,trip_events,t,t,t,f,1,1,0,0,0,t
public,trip_executions,t,t,t,f,1,1,0,0,0,t
public,trips,t,t,t,f,3,1,1,1,0,t
public,tyre_asset_events,t,t,t,f,2,1,1,0,0,t
public,tyre_assets,t,t,t,f,3,1,1,1,0,t
public,user_devices,t,t,f,f,1,1,0,0,0,f
public,user_mfa_methods,t,t,f,f,1,1,0,0,0,f
public,user_sessions,t,t,f,f,1,1,0,0,0,f
public,users,t,t,f,f,3,2,0,1,0,t
public,vehicle_capabilities,t,t,f,f,1,1,0,0,0,t
public,vehicle_checks,t,t,t,f,3,1,1,1,0,t
public,vehicle_condition_markers,t,t,t,f,3,1,1,1,0,t
public,vehicle_consumable_levels,t,t,t,f,3,1,1,1,0,t
public,vehicle_damage_cases,t,t,t,f,3,1,1,1,0,t
public,vehicle_equipment_checks,t,t,t,f,2,1,1,0,0,t
public,vehicle_locations,t,t,t,f,1,1,0,0,0,t
public,vehicle_report_evidence,t,t,t,f,2,1,1,0,0,t
public,vehicle_report_status_history,t,t,t,f,2,1,1,0,0,t
public,vehicle_reports,t,t,t,f,3,1,1,1,0,t
public,vehicle_status_transitions,t,t,t,f,1,1,0,0,0,t
public,vehicle_swap_requests,t,t,t,f,3,1,1,1,0,t
public,vehicles,t,t,t,f,3,1,1,1,0,t
public,vor_cases,t,t,t,f,2,1,0,1,0,t
public,yard_issues,t,t,t,f,1,1,0,0,0,t
public,yard_layout_versions,t,t,t,f,1,1,0,0,0,t
public,yard_layouts,t,t,t,f,1,1,0,0,0,t
public,yard_movements,t,t,t,f,2,1,1,0,0,t
public,yard_tasks,t,t,t,f,3,1,1,1,0,t
storage,buckets,t,f,f,f,0,0,0,0,0,f
storage,buckets_analytics,t,f,f,f,0,0,0,0,0,f
storage,buckets_vectors,t,f,f,f,0,0,0,0,0,f
storage,iceberg_namespaces,t,f,f,f,0,0,0,0,0,f
storage,iceberg_tables,t,f,f,f,0,0,0,0,0,f
storage,migrations,t,f,f,f,0,0,0,0,0,f
storage,objects,t,f,f,f,20,5,5,5,5,t
storage,s3_multipart_uploads,t,f,f,f,0,0,0,0,0,f
storage,s3_multipart_uploads_parts,t,f,f,f,0,0,0,0,0,f
storage,vector_indexes,t,f,f,f,0,0,0,0,0,f
